policy_id,customer_id,policy_type,premium_amount,policy_start_date,status
1000,6223,health,1891.1722544712218,2023-01-01,expired
1001,6918,auto,1699.5221167445625,2023-01-02,cancelled
1002,5766,health,962.4887362615812,2023-01-03,cancelled
1003,6578,auto,1762.7346160904547,2023-01-04,active
1004,7227,health,916.3511483090624,2023-01-05,expired
1005,5324,auto,1638.4436170924305,2023-01-06,cancelled
1006,7242,auto,1310.6608857474716,2023-01-07,expired
1007,7929,health,571.3498571134528,2023-01-08,active
1008,5941,home,1603.7753348886024,2023-01-09,expired
1009,5042,life,1603.676559467675,2023-01-10,cancelled
1010,5477,life,1677.068198095494,2023-01-11,active
1011,7700,health,1147.0383554078135,2023-01-12,expired
1012,5032,health,1647.4029953209733,2023-01-13,cancelled
1013,6268,health,352.17671413355504,2023-01-14,expired
1014,7216,life,940.4720777406222,2023-01-15,cancelled
1015,5152,life,1275.5043385637791,2023-01-16,active
1016,5690,auto,498.95266618758114,2023-01-17,expired
1017,7853,auto,1706.040997978812,2023-01-18,cancelled
1018,7164,auto,736.2124965656581,2023-01-19,cancelled
1019,5184,auto,1804.909019804142,2023-01-20,cancelled
1020,6008,life,1354.0975153144495,2023-01-21,active
1021,7152,auto,873.0049764208758,2023-01-22,cancelled
1022,6888,auto,892.1814609721599,2023-01-23,expired
1023,6192,auto,1603.509320367051,2023-01-24,cancelled
1024,6183,health,1597.5886390399633,2023-01-25,active
1025,5666,health,1179.1177801918293,2023-01-26,cancelled
1026,5695,home,1145.9234175002173,2023-01-27,active
1027,5279,life,582.006833676862,2023-01-28,cancelled
1028,5450,life,1901.9638519493828,2023-01-29,cancelled
1029,6676,auto,1766.8540199925908,2023-01-30,active
1030,6467,life,694.3593717665101,2023-01-31,active
1031,6869,home,1039.7000000073244,2023-02-01,active
1032,5613,health,1871.3649757073704,2023-02-02,cancelled
1033,5336,home,662.2805307047022,2023-02-03,active
1034,6716,health,480.64351230975046,2023-02-04,cancelled
1035,6833,life,1829.1622205238546,2023-02-05,cancelled
1036,5693,auto,540.4216068319981,2023-02-06,expired
1037,7263,life,1799.1135020858885,2023-02-07,cancelled
1038,5355,home,638.2105814298186,2023-02-08,active
1039,7299,home,1011.2445633796252,2023-02-09,cancelled
1040,6974,auto,482.5770827449102,2023-02-10,cancelled
1041,6980,home,1355.5659595348266,2023-02-11,active
1042,5750,home,874.6136823079671,2023-02-12,expired
1043,7920,life,1764.5562393986302,2023-02-13,active
1044,6592,home,1354.202019711738,2023-02-14,active
1045,5822,health,604.8230031695856,2023-02-15,cancelled
1046,5446,auto,1916.2518295789487,2023-02-16,expired
1047,5448,home,1609.2717801469125,2023-02-17,expired
1048,6183,auto,459.8021966125851,2023-02-18,expired
1049,6690,auto,1777.7999455656145,2023-02-19,cancelled
1050,5459,health,1426.1708242099621,2023-02-20,expired
1051,6347,auto,1709.851997756605,2023-02-21,expired
1052,7779,health,390.17313779030997,2023-02-22,active
1053,7973,auto,314.57809304429827,2023-02-23,active
1054,5068,auto,1673.571740511459,2023-02-24,active
1055,7509,home,1377.9611780957262,2023-02-25,active
1056,7543,health,493.81990636084583,2023-02-26,expired
1057,7011,health,418.04941252325864,2023-02-27,active
1058,7789,life,888.2080187394474,2023-02-28,expired
1059,6660,health,1625.2514508710249,2023-03-01,expired
1060,7595,auto,1649.382831379731,2023-03-02,expired
1061,7888,life,1247.9860340261116,2023-03-03,expired
1062,5963,health,318.5759656629664,2023-03-04,expired
1063,6856,home,1793.2293630145941,2023-03-05,cancelled
1064,7304,auto,691.5677217523701,2023-03-06,expired
1065,7583,home,1579.6065899231423,2023-03-07,cancelled
1066,6369,home,600.04525052679,2023-03-08,active
1067,5601,home,646.7827330599685,2023-03-09,cancelled
1068,7607,life,396.6887853866226,2023-03-10,expired
1069,7808,auto,433.63141388813096,2023-03-11,cancelled
1070,7001,auto,1091.544262391069,2023-03-12,active
1071,6939,home,315.11171465624665,2023-03-13,expired
1072,6068,home,1669.7764123201307,2023-03-14,cancelled
1073,5062,home,508.1798806658842,2023-03-15,expired
1074,7003,health,337.5891182143634,2023-03-16,cancelled
1075,7514,health,1232.5987861246012,2023-03-17,active
1076,5644,auto,1884.282363008889,2023-03-18,cancelled
1077,5345,life,1892.8261233797946,2023-03-19,cancelled
1078,7139,home,1295.693124877313,2023-03-20,cancelled
1079,6052,home,785.9135056651263,2023-03-21,expired
1080,5227,health,596.2882887956459,2023-03-22,cancelled
1081,5590,life,307.72211935827664,2023-03-23,cancelled
1082,7065,home,1828.3143131318677,2023-03-24,expired
1083,6050,health,1020.6701254618238,2023-03-25,cancelled
1084,5688,home,346.58511358648286,2023-03-26,cancelled
1085,7093,auto,502.75916788116876,2023-03-27,cancelled
1086,5637,auto,485.50883461086374,2023-03-28,cancelled
1087,7360,auto,1190.185495036635,2023-03-29,cancelled
1088,5743,auto,693.5933601480702,2023-03-30,active
1089,6683,life,1288.0690685224254,2023-03-31,cancelled
1090,5459,home,771.1042943637386,2023-04-01,expired
1091,7005,life,1027.979580592831,2023-04-02,expired
1092,6941,auto,1533.5178518870816,2023-04-03,expired
1093,7719,health,1561.8666292843714,2023-04-04,expired
1094,7189,home,459.4574265582256,2023-04-05,expired
1095,7550,home,1954.6720624359093,2023-04-06,active
1096,5401,health,1411.7950387588332,2023-04-07,cancelled
1097,5340,health,543.7506293063349,2023-04-08,active
1098,7848,auto,1985.4581051742919,2023-04-09,active
1099,6697,home,719.9123415569443,2023-04-10,expired
1100,7370,health,1169.8056041168966,2023-04-11,active
1101,7480,health,1474.7650770036214,2023-04-12,expired
1102,5522,auto,1161.335449015978,2023-04-13,cancelled
1103,5136,health,1279.6880576011872,2023-04-14,active
1104,5465,home,1454.3699974553022,2023-04-15,cancelled
1105,7524,auto,926.8133469164987,2023-04-16,cancelled
1106,7983,auto,323.82219875294317,2023-04-17,active
1107,5764,home,1259.6781591660001,2023-04-18,active
1108,6202,home,618.6138907172591,2023-04-19,cancelled
1109,7693,life,1143.5973428288326,2023-04-20,expired
1110,6641,home,1117.7114882034348,2023-04-21,cancelled
1111,7098,health,1610.8911161894996,2023-04-22,expired
1112,5525,life,774.9909555092529,2023-04-23,expired
1113,7416,auto,1217.4781427827602,2023-04-24,cancelled
1114,5033,home,694.2808675935071,2023-04-25,active
1115,5292,life,531.2474263955606,2023-04-26,active
1116,6199,life,1550.309139059286,2023-04-27,cancelled
1117,5337,life,819.4253726507634,2023-04-28,active
1118,6813,home,419.7223664178822,2023-04-29,expired
1119,5800,health,916.6626116745991,2023-04-30,active
1120,5275,health,1735.29509682091,2023-05-01,expired
1121,7887,life,1494.827590899467,2023-05-02,cancelled
1122,5716,auto,456.87808801164385,2023-05-03,cancelled
1123,5629,auto,402.3954569175857,2023-05-04,active
1124,5362,auto,492.356039960512,2023-05-05,active
1125,5988,health,1738.5089770880838,2023-05-06,cancelled
1126,7064,home,925.9732750550498,2023-05-07,cancelled
1127,6738,life,1408.2599426208953,2023-05-08,active
1128,5074,auto,305.9496736579957,2023-05-09,cancelled
1129,6015,health,1754.2887651286587,2023-05-10,expired
1130,6752,auto,1022.9053021158188,2023-05-11,active
1131,6900,home,759.0921767886914,2023-05-12,cancelled
1132,7927,home,1573.8243005563268,2023-05-13,cancelled
1133,7724,life,879.1729137362441,2023-05-14,active
1134,7435,auto,1846.5279879683226,2023-05-15,expired
1135,6179,health,1162.3954739217324,2023-05-16,active
1136,5247,auto,573.2673217389179,2023-05-17,active
1137,6599,life,792.1010596595286,2023-05-18,expired
1138,5145,home,1407.8031734834888,2023-05-19,expired
1139,6134,life,1238.1809977972753,2023-05-20,expired
1140,6350,home,1972.5285415550566,2023-05-21,cancelled
1141,5674,home,1202.8139069087092,2023-05-22,expired
1142,7330,home,1641.0085620826255,2023-05-23,expired
1143,7128,health,1248.5748260443129,2023-05-24,cancelled
1144,5328,auto,866.668940428605,2023-05-25,expired
1145,5277,life,751.0578991711677,2023-05-26,cancelled
1146,6196,life,1009.6326319423374,2023-05-27,active
1147,7754,health,641.9592463077875,2023-05-28,expired
1148,7023,home,350.8310631879486,2023-05-29,expired
1149,7286,life,337.89853805992254,2023-05-30,active
1150,7462,health,911.6516336879808,2023-05-31,active
1151,5590,home,1987.8437682971273,2023-06-01,cancelled
1152,6701,health,517.923208483947,2023-06-02,cancelled
1153,7902,auto,1256.5650056644358,2023-06-03,active
1154,5539,health,496.0935760210944,2023-06-04,active
1155,6296,home,741.1061692937693,2023-06-05,cancelled
1156,5911,auto,1617.4922703917885,2023-06-06,active
1157,7854,auto,465.32688567587667,2023-06-07,cancelled
1158,5291,auto,798.5364965091997,2023-06-08,active
1159,6547,auto,1459.9692038988223,2023-06-09,cancelled
1160,5112,life,757.0749013723484,2023-06-10,active
1161,5980,life,1831.6095734001212,2023-06-11,cancelled
1162,5395,life,1144.4375101122084,2023-06-12,active
1163,6491,life,1406.6861491818613,2023-06-13,expired
1164,6875,auto,1288.9049830317908,2023-06-14,active
1165,5837,health,531.634548429197,2023-06-15,active
1166,5604,home,1006.021912964116,2023-06-16,expired
1167,7720,home,1470.134008138867,2023-06-17,expired
1168,5180,home,1471.9230682429509,2023-06-18,cancelled
1169,5990,health,1238.9261194642481,2023-06-19,cancelled
1170,6960,life,1782.6941534362415,2023-06-20,cancelled
1171,5281,auto,1904.8062985817792,2023-06-21,cancelled
1172,7346,life,738.1678758379487,2023-06-22,active
1173,5618,auto,734.1100916559674,2023-06-23,cancelled
1174,6396,health,330.3495347855364,2023-06-24,expired
1175,5938,health,1108.0016838678062,2023-06-25,expired
1176,5515,home,675.2999606295261,2023-06-26,cancelled
1177,5772,health,1709.2260981165985,2023-06-27,cancelled
1178,5420,life,1025.218173839054,2023-06-28,cancelled
1179,5983,home,301.29781872606844,2023-06-29,cancelled
1180,5117,auto,1670.5645187914686,2023-06-30,expired
1181,6072,life,825.2543014717374,2023-07-01,active
1182,7655,auto,1172.6573844416769,2023-07-02,cancelled
1183,6947,life,595.1823699381939,2023-07-03,expired
1184,5239,home,1087.0651466498157,2023-07-04,cancelled
1185,7113,auto,1229.1129099205036,2023-07-05,expired
1186,5226,home,1880.21363204827,2023-07-06,cancelled
1187,7329,health,846.5820078876994,2023-07-07,expired
1188,6359,health,1367.0406266166087,2023-07-08,expired
1189,6492,auto,515.5398437050071,2023-07-09,active
1190,5314,home,1641.556681882715,2023-07-10,expired
1191,5482,home,1676.2772580391882,2023-07-11,cancelled
1192,6360,auto,1304.178647063501,2023-07-12,active
1193,7769,life,1284.8939318425184,2023-07-13,cancelled
1194,5461,auto,405.0764934614284,2023-07-14,expired
1195,7538,life,631.3967346949717,2023-07-15,expired
1196,7696,life,1559.183661896172,2023-07-16,active
1197,5340,life,333.4194887396586,2023-07-17,cancelled
1198,7317,home,480.2087712315529,2023-07-18,expired
1199,5654,home,1404.5547399882512,2023-07-19,cancelled
1200,7533,health,938.8722629599122,2023-07-20,cancelled
1201,6246,life,1610.4693193480439,2023-07-21,expired
1202,7997,life,1357.4275779793563,2023-07-22,expired
1203,6661,health,1530.0643905454224,2023-07-23,expired
1204,6209,life,471.3121726668136,2023-07-24,cancelled
1205,6413,home,1535.141626725013,2023-07-25,expired
1206,7044,home,1061.2456061357195,2023-07-26,expired
1207,6899,health,969.8592797073126,2023-07-27,cancelled
1208,7117,health,1811.4954940284863,2023-07-28,cancelled
1209,6161,home,1458.2429161094894,2023-07-29,active
1210,6397,home,1553.633635137728,2023-07-30,active
1211,7333,life,1530.9963114583863,2023-07-31,active
1212,5788,auto,1087.8935996932419,2023-08-01,active
1213,5250,health,647.2890759743134,2023-08-02,active
1214,5873,life,1778.2845701624076,2023-08-03,cancelled
1215,6907,life,1477.4987431051716,2023-08-04,cancelled
1216,6203,life,1542.7576457921639,2023-08-05,cancelled
1217,5132,life,845.2939099386338,2023-08-06,active
1218,7846,health,549.5994545795411,2023-08-07,active
1219,5569,home,981.8658786730599,2023-08-08,cancelled
1220,7599,home,1076.5626157530023,2023-08-09,expired
1221,5449,auto,1637.0571931852269,2023-08-10,active
1222,7181,auto,1275.044695885099,2023-08-11,cancelled
1223,6422,home,1533.626074777113,2023-08-12,expired
1224,7023,auto,532.7636947885414,2023-08-13,expired
1225,6468,home,1404.3341856333816,2023-08-14,expired
1226,5385,home,345.3300266204285,2023-08-15,active
1227,7034,auto,1154.598979449508,2023-08-16,active
1228,6085,home,715.6643945689648,2023-08-17,active
1229,7776,auto,692.8202014148037,2023-08-18,active
1230,5718,life,594.8135119345632,2023-08-19,active
1231,6231,home,1634.957417945396,2023-08-20,active
1232,6395,home,1656.1604349668055,2023-08-21,expired
1233,6177,health,851.8064074313447,2023-08-22,cancelled
1234,7969,auto,439.2917383614115,2023-08-23,cancelled
1235,5845,auto,1938.3378670225516,2023-08-24,cancelled
1236,7997,home,455.0894773290874,2023-08-25,cancelled
1237,7949,health,907.7091284831771,2023-08-26,cancelled
1238,5749,auto,1568.2715046718072,2023-08-27,expired
1239,5224,auto,661.980748341476,2023-08-28,active
1240,5015,health,1638.115105812165,2023-08-29,cancelled
1241,5701,home,1817.5437469736014,2023-08-30,active
1242,5756,health,977.9961265455427,2023-08-31,cancelled
1243,7758,life,692.1882413885758,2023-09-01,active
1244,6210,auto,1747.1018060228137,2023-09-02,expired
1245,7003,home,1390.7925597691224,2023-09-03,active
1246,7267,health,335.5792770949575,2023-09-04,active
1247,6309,home,1062.2700547591967,2023-09-05,cancelled
1248,7738,life,671.7108951100493,2023-09-06,active
1249,7338,health,549.889548637409,2023-09-07,cancelled
1250,6947,health,1404.2888721050406,2023-09-08,active
1251,6525,life,944.9422461351917,2023-09-09,expired
1252,5135,life,1204.1390351781888,2023-09-10,active
1253,5804,auto,1636.4053497429543,2023-09-11,cancelled
1254,6810,life,801.5774646172757,2023-09-12,expired
1255,7434,life,594.8137675085787,2023-09-13,active
1256,7150,auto,884.3709686328357,2023-09-14,cancelled
1257,5338,health,1825.2245837662597,2023-09-15,expired
1258,6483,auto,1445.475474705859,2023-09-16,expired
1259,5941,health,683.5973232652459,2023-09-17,active
1260,5081,home,1561.0896098470068,2023-09-18,active
1261,6732,life,1033.5007534787037,2023-09-19,expired
1262,7221,auto,457.37540757149765,2023-09-20,active
1263,5163,health,749.8966435712973,2023-09-21,active
1264,5831,home,1511.8648436373207,2023-09-22,active
1265,5835,life,532.7883443829778,2023-09-23,expired
1266,5901,auto,878.862927093604,2023-09-24,active
1267,6686,auto,1502.8038870242065,2023-09-25,expired
1268,7408,health,848.7135082345086,2023-09-26,active
1269,6442,auto,1068.6658241724667,2023-09-27,active
1270,6607,auto,1737.7488534356949,2023-09-28,expired
1271,5431,home,602.2649412271143,2023-09-29,cancelled
1272,7399,life,774.4413531852815,2023-09-30,active
1273,5531,life,1418.2657445140842,2023-10-01,active
1274,5615,health,587.723692857464,2023-10-02,cancelled
1275,7595,auto,1515.5849426266043,2023-10-03,expired
1276,7156,health,1554.605884860097,2023-10-04,active
1277,6824,health,1611.5882519137165,2023-10-05,active
1278,7765,home,1818.6674879949503,2023-10-06,expired
1279,5605,home,872.7779170389358,2023-10-07,cancelled
1280,6508,home,1290.8612032051617,2023-10-08,cancelled
1281,6711,auto,384.4073747941814,2023-10-09,active
1282,6329,auto,1947.9247755982144,2023-10-10,cancelled
1283,7187,life,661.6025201058626,2023-10-11,active
1284,5205,life,635.1922397836126,2023-10-12,cancelled
1285,7868,auto,1419.6271138210973,2023-10-13,active
1286,6086,auto,1942.997299983768,2023-10-14,expired
1287,6446,health,1968.9256477724948,2023-10-15,active
1288,5241,health,1584.9137118036099,2023-10-16,active
1289,7655,health,1816.7589010969898,2023-10-17,expired
1290,7607,life,842.7188558911713,2023-10-18,active
1291,5853,life,952.2612747920397,2023-10-19,expired
1292,6675,life,506.02950602621024,2023-10-20,expired
1293,6442,home,1861.2461144825263,2023-10-21,expired
1294,6755,life,1198.6269963821528,2023-10-22,expired
1295,6876,auto,882.6161071132514,2023-10-23,cancelled
1296,6148,auto,1490.1476183137984,2023-10-24,active
1297,7372,home,382.4582605863343,2023-10-25,cancelled
1298,7770,health,1770.622625935442,2023-10-26,expired
1299,7326,home,1619.8254975975428,2023-10-27,expired
1300,5823,health,1128.3384556922827,2023-10-28,active
1301,5973,life,335.3374950224977,2023-10-29,cancelled
1302,7738,auto,1606.2522593592093,2023-10-30,cancelled
1303,7246,auto,927.1828542746437,2023-10-31,expired
1304,7657,home,1117.9226974495796,2023-11-01,cancelled
1305,5354,health,563.9439399528212,2023-11-02,active
1306,7035,home,367.57322294550534,2023-11-03,active
1307,5619,health,422.5161847113205,2023-11-04,active
1308,7136,auto,1913.4297560836656,2023-11-05,expired
1309,6601,health,1890.7506241203596,2023-11-06,active
1310,6330,life,557.0195258526904,2023-11-07,expired
1311,5601,auto,393.1694220038422,2023-11-08,active
1312,7693,health,429.7349874446324,2023-11-09,active
1313,7816,auto,919.2772748422359,2023-11-10,expired
1314,6020,life,1994.877728765038,2023-11-11,active
1315,7908,home,1971.3601820153106,2023-11-12,active
1316,6622,health,1738.57544384539,2023-11-13,cancelled
1317,6561,health,1934.287050221435,2023-11-14,active
1318,6225,auto,1433.8967821360125,2023-11-15,expired
1319,7657,life,701.8608242593755,2023-11-16,cancelled
1320,5325,auto,320.2453654224983,2023-11-17,active
1321,6314,home,1262.902061637968,2023-11-18,expired
1322,6171,auto,1607.5051283100017,2023-11-19,cancelled
1323,7468,home,353.13007794457803,2023-11-20,cancelled
1324,6816,life,1172.9324107240463,2023-11-21,active
1325,5044,life,1248.4257958915553,2023-11-22,cancelled
1326,5493,health,729.3278715124318,2023-11-23,cancelled
1327,5034,life,1246.5043886609978,2023-11-24,expired
1328,6106,auto,1315.5852936013412,2023-11-25,cancelled
1329,5373,home,1711.503085687452,2023-11-26,expired
1330,5203,auto,836.2133431871578,2023-11-27,expired
1331,6413,auto,1391.202274549331,2023-11-28,expired
1332,5160,life,713.4610942388448,2023-11-29,cancelled
1333,7414,health,1787.60480127089,2023-11-30,expired
1334,6715,home,440.49724318839196,2023-12-01,cancelled
1335,6852,auto,1185.5189567839598,2023-12-02,active
1336,6103,home,1968.300102795698,2023-12-03,active
1337,5957,home,1386.248642356125,2023-12-04,active
1338,7590,home,1253.4338126376038,2023-12-05,expired
1339,5675,auto,794.4848423772879,2023-12-06,active
1340,7372,life,441.91065149118367,2023-12-07,cancelled
1341,7659,home,1501.428254681028,2023-12-08,active
1342,7602,auto,1783.2594582831714,2023-12-09,active
1343,7675,auto,991.9724571609319,2023-12-10,active
1344,7179,life,770.1269803356502,2023-12-11,cancelled
1345,6370,auto,445.4245492926475,2023-12-12,active
1346,5938,life,1274.594066692055,2023-12-13,cancelled
1347,5569,health,1418.5833136456613,2023-12-14,cancelled
1348,7419,auto,1120.6847748116766,2023-12-15,expired
1349,7121,health,1389.9970477992156,2023-12-16,cancelled
1350,6285,auto,1145.9920669356432,2023-12-17,active
1351,6853,life,1000.1239569498038,2023-12-18,active
1352,6612,health,751.0928632175678,2023-12-19,active
1353,7930,home,1451.7665566311894,2023-12-20,active
1354,7263,auto,1300.2951722521202,2023-12-21,expired
1355,7009,home,333.6437010902247,2023-12-22,active
1356,5293,life,1177.3556339343543,2023-12-23,cancelled
1357,6652,life,603.9309429380146,2023-12-24,active
1358,5961,life,1757.523218429172,2023-12-25,cancelled
1359,6830,life,1249.9331228300655,2023-12-26,expired
1360,7821,health,1145.3299297208907,2023-12-27,active
1361,5111,auto,1800.9469509475853,2023-12-28,expired
1362,5576,life,1357.6468719308675,2023-12-29,cancelled
1363,6251,home,1073.8551766607488,2023-12-30,cancelled
1364,6025,home,969.5029101115259,2023-12-31,active
1365,7918,home,1167.8134778287558,2024-01-01,cancelled
1366,7379,auto,683.4966434343186,2024-01-02,expired
1367,5894,health,1142.048637089064,2024-01-03,cancelled
1368,7674,health,602.5820187547749,2024-01-04,expired
1369,5115,home,500.8222660658803,2024-01-05,cancelled
1370,7803,auto,1336.0096537035647,2024-01-06,active
1371,7278,auto,493.7572800464867,2024-01-07,active
1372,7722,health,1840.750217571146,2024-01-08,active
1373,5310,life,1674.097031786948,2024-01-09,cancelled
1374,5006,health,384.3870597731298,2024-01-10,active
1375,5955,auto,1970.009909296252,2024-01-11,cancelled
1376,6027,home,745.9147384082228,2024-01-12,active
1377,7612,health,1469.1191649574434,2024-01-13,cancelled
1378,6369,auto,650.1585814092782,2024-01-14,expired
1379,5420,health,976.8755436450696,2024-01-15,active
1380,5345,auto,1358.1098657634107,2024-01-16,expired
1381,5748,health,1677.3463310395775,2024-01-17,active
1382,6553,home,1083.6830346745833,2024-01-18,active
1383,7469,life,380.11039719576655,2024-01-19,expired
1384,6976,life,1168.627107696462,2024-01-20,cancelled
1385,7945,auto,1305.2329314194576,2024-01-21,cancelled
1386,5428,home,720.9168936891549,2024-01-22,cancelled
1387,5185,life,692.4222747909203,2024-01-23,cancelled
1388,5879,life,383.06607216194465,2024-01-24,expired
1389,6807,home,1612.3604495942468,2024-01-25,cancelled
1390,7775,auto,1730.9788281707056,2024-01-26,cancelled
1391,5683,life,1862.628436785006,2024-01-27,active
1392,6020,home,770.392463178629,2024-01-28,cancelled
1393,6215,health,1392.6394005760644,2024-01-29,active
1394,7094,auto,1714.255221494351,2024-01-30,expired
1395,7743,home,837.2006533082491,2024-01-31,active
1396,7864,life,377.4812900730417,2024-02-01,cancelled
1397,6986,home,1519.7147223723452,2024-02-02,active
1398,6135,health,841.481333479584,2024-02-03,active
1399,7673,health,1406.1638952344988,2024-02-04,cancelled
1400,7828,home,879.8788646613335,2024-02-05,active
1401,6961,life,693.5040129933843,2024-02-06,expired
1402,7075,home,1311.8178215075995,2024-02-07,cancelled
1403,7771,life,633.9768741846074,2024-02-08,active
1404,5013,auto,1430.4640478634306,2024-02-09,active
1405,7910,health,609.5866360706859,2024-02-10,cancelled
1406,6636,auto,1918.8687425771975,2024-02-11,active
1407,5725,health,779.2776027409355,2024-02-12,cancelled
1408,6465,home,1668.3551441725915,2024-02-13,expired
1409,5626,life,1138.132812798344,2024-02-14,expired
1410,5153,health,813.2088340390503,2024-02-15,active
1411,5595,home,1615.9829858424698,2024-02-16,cancelled
1412,5992,health,1381.3378987181127,2024-02-17,expired
1413,6987,home,487.5395514146179,2024-02-18,cancelled
1414,7902,health,1555.5002731710576,2024-02-19,expired
1415,5454,health,708.3237157812456,2024-02-20,cancelled
1416,7784,auto,517.8395154829102,2024-02-21,expired
1417,6359,health,717.6230383160056,2024-02-22,expired
1418,5411,home,940.8346013626101,2024-02-23,cancelled
1419,5586,health,547.7905436666445,2024-02-24,active
1420,6557,life,1314.1281786432864,2024-02-25,cancelled
1421,7230,life,1644.6720284504743,2024-02-26,expired
1422,6502,auto,1458.9835007612671,2024-02-27,active
1423,5792,auto,1440.5296391897077,2024-02-28,cancelled
1424,7453,auto,979.3648006378933,2024-02-29,cancelled
1425,7908,home,1938.8512129639394,2024-03-01,expired
1426,5654,auto,1309.3707052759507,2024-03-02,cancelled
1427,6405,auto,1718.0015767294344,2024-03-03,cancelled
1428,7529,health,449.22494300305345,2024-03-04,cancelled
1429,6730,home,1318.7258622283928,2024-03-05,active
1430,6605,home,1607.4553823049666,2024-03-06,cancelled
1431,6146,health,1587.9329492759998,2024-03-07,cancelled
1432,5846,health,864.6506161920449,2024-03-08,expired
1433,6495,health,309.3548349088338,2024-03-09,active
1434,7129,auto,1186.4403274712317,2024-03-10,active
1435,6439,home,700.124310650013,2024-03-11,expired
1436,7169,home,1512.698526881623,2024-03-12,active
1437,7767,auto,994.5804250910267,2024-03-13,expired
1438,7283,health,584.541466695481,2024-03-14,expired
1439,6820,auto,901.6958112728769,2024-03-15,active
1440,6408,home,1791.8639502788114,2024-03-16,active
1441,5506,health,843.2245803669199,2024-03-17,expired
1442,5135,life,464.5991914721859,2024-03-18,cancelled
1443,6663,life,583.0334463600142,2024-03-19,active
1444,7253,home,465.4134832408927,2024-03-20,expired
1445,6951,life,1477.0309067139635,2024-03-21,expired
1446,5040,home,1003.5114679609849,2024-03-22,active
1447,5015,life,1440.7548499718957,2024-03-23,expired
1448,7275,auto,366.45404500642957,2024-03-24,active
1449,5873,home,931.1725063017155,2024-03-25,active
1450,6513,life,1722.9871307345647,2024-03-26,active
1451,6712,home,1591.3715530139987,2024-03-27,active
1452,6478,health,1365.563347099845,2024-03-28,active
1453,6914,life,866.2074441456774,2024-03-29,active
1454,6474,life,1153.4292131928246,2024-03-30,active
1455,6053,health,836.4703064902368,2024-03-31,cancelled
1456,6984,health,1218.1172472382468,2024-04-01,cancelled
1457,5000,auto,1741.2940481075796,2024-04-02,active
1458,7175,home,1085.1276210495103,2024-04-03,cancelled
1459,5702,health,1165.259265234742,2024-04-04,active
1460,5975,home,641.0988188120045,2024-04-05,cancelled
1461,5719,home,1952.257803274569,2024-04-06,cancelled
1462,6667,home,781.7815609306908,2024-04-07,active
1463,7750,home,1152.8929471080037,2024-04-08,cancelled
1464,6012,auto,677.8959768025243,2024-04-09,cancelled
1465,6297,health,1886.436337384794,2024-04-10,cancelled
1466,5805,health,499.7096653076776,2024-04-11,active
1467,7323,home,710.1133912351836,2024-04-12,expired
1468,6851,auto,1497.168986868793,2024-04-13,active
1469,6605,home,300.01982057686547,2024-04-14,expired
1470,5092,health,977.2430017118404,2024-04-15,expired
1471,7917,home,1653.409707957817,2024-04-16,active
1472,5177,life,1941.5619194120734,2024-04-17,expired
1473,6893,home,1757.1696313252655,2024-04-18,expired
1474,7162,life,1257.7288863014437,2024-04-19,cancelled
1475,7882,home,1612.5767054320345,2024-04-20,active
1476,7952,home,425.45519025381685,2024-04-21,cancelled
1477,7473,home,966.5023525505101,2024-04-22,cancelled
1478,6533,health,1775.7041748533459,2024-04-23,cancelled
1479,6661,home,784.1597166256192,2024-04-24,active
1480,7431,health,390.25757107147285,2024-04-25,cancelled
1481,6053,home,495.4132891785606,2024-04-26,cancelled
1482,7676,auto,745.993859644808,2024-04-27,active
1483,5400,auto,1460.7127940699002,2024-04-28,active
1484,5138,life,1591.1164009000138,2024-04-29,expired
1485,5397,home,1928.8622226866787,2024-04-30,expired
1486,7180,home,1498.426442851497,2024-05-01,expired
1487,7284,auto,809.8723193019773,2024-05-02,expired
1488,7430,health,617.1608928524859,2024-05-03,cancelled
1489,7070,life,678.5728162133851,2024-05-04,expired
1490,5548,life,656.6127236808172,2024-05-05,cancelled
1491,6317,health,874.3931578730301,2024-05-06,cancelled
1492,6756,life,1103.4452657167662,2024-05-07,cancelled
1493,7152,home,1074.936134135694,2024-05-08,cancelled
1494,5402,health,1346.5747038007935,2024-05-09,active
1495,7858,auto,1961.290334388285,2024-05-10,active
1496,7150,auto,1256.204259494194,2024-05-11,active
1497,6773,home,1647.5775720615109,2024-05-12,cancelled
1498,7225,home,616.9291680607823,2024-05-13,cancelled
1499,5653,home,1668.4005270388432,2024-05-14,expired
1500,7505,life,1011.0187566217494,2024-05-15,expired
1501,5657,auto,470.9423588012698,2024-05-16,expired
1502,7627,auto,1994.4223596719544,2024-05-17,active
1503,5069,life,559.4906634172698,2024-05-18,expired
1504,6836,life,1124.2957105604282,2024-05-19,expired
1505,5244,health,1187.653964640587,2024-05-20,active
1506,7885,life,321.18197425166073,2024-05-21,cancelled
1507,6474,health,609.0553530369206,2024-05-22,cancelled
1508,6866,health,690.3068069119856,2024-05-23,expired
1509,6974,home,336.49315290666925,2024-05-24,cancelled
1510,5285,home,588.924004097026,2024-05-25,active
1511,7697,auto,1999.4732740743866,2024-05-26,cancelled
1512,7312,life,1300.2285459254092,2024-05-27,expired
1513,6127,health,1838.821599271561,2024-05-28,active
1514,7232,auto,845.7686537254383,2024-05-29,cancelled
1515,6701,home,1285.3595012106985,2024-05-30,cancelled
1516,5892,life,1802.8083186362726,2024-05-31,cancelled
1517,6400,health,944.4943125714487,2024-06-01,cancelled
1518,6495,health,830.7518380078693,2024-06-02,expired
1519,6063,life,1744.1166876405114,2024-06-03,active
1520,6679,auto,605.1145528496427,2024-06-04,cancelled
1521,5132,home,1306.7240413232687,2024-06-05,active
1522,7925,health,1850.1307757623606,2024-06-06,active
1523,5233,life,526.9354438222889,2024-06-07,cancelled
1524,5964,home,1708.3163047809603,2024-06-08,active
1525,5818,home,1519.9664805052914,2024-06-09,expired
1526,5854,auto,1003.7408842062117,2024-06-10,active
1527,5564,health,968.3030051769355,2024-06-11,cancelled
1528,7805,home,636.1678352640049,2024-06-12,expired
1529,7168,life,1623.9388912660072,2024-06-13,active
1530,6526,health,436.27339583927653,2024-06-14,cancelled
1531,6473,home,1438.277763823534,2024-06-15,expired
1532,5278,auto,915.7116599814616,2024-06-16,expired
1533,6202,health,1981.6205616119482,2024-06-17,active
1534,6756,health,823.0143838296817,2024-06-18,expired
1535,5097,home,850.8942744109337,2024-06-19,active
1536,5185,health,1810.0502391060843,2024-06-20,active
1537,7310,home,1264.0986764235615,2024-06-21,active
1538,6801,life,1574.1931413070579,2024-06-22,expired
1539,5820,life,1379.2482051078505,2024-06-23,expired
1540,7177,home,1223.6933162629325,2024-06-24,cancelled
1541,6957,auto,1572.4490923307992,2024-06-25,expired
1542,7333,life,1116.5650396106548,2024-06-26,active
1543,7532,auto,1903.5550519457986,2024-06-27,cancelled
1544,6158,home,890.2616228262033,2024-06-28,expired
1545,7515,auto,1953.923173223231,2024-06-29,expired
1546,5530,home,935.8268586625271,2024-06-30,active
1547,6189,life,1926.1836914258192,2024-07-01,expired
1548,6236,health,1901.2109267208168,2024-07-02,active
1549,7971,life,416.4565199732767,2024-07-03,active
1550,7503,health,1822.4662174561904,2024-07-04,active
1551,5418,auto,786.0863162805567,2024-07-05,active
1552,5521,home,1043.1937001908266,2024-07-06,expired
1553,5956,auto,1677.0039383813123,2024-07-07,cancelled
1554,7473,health,902.0091808509014,2024-07-08,active
1555,6744,health,988.2268877002568,2024-07-09,active
1556,7783,health,419.3386313216514,2024-07-10,active
1557,5233,life,986.0068178187619,2024-07-11,active
1558,7966,home,1418.3285880239316,2024-07-12,expired
1559,6294,home,1527.7573426663348,2024-07-13,active
1560,7679,home,532.2393426395463,2024-07-14,active
1561,7209,auto,1481.2973274410879,2024-07-15,expired
1562,6325,health,456.52967950994184,2024-07-16,expired
1563,5511,life,1847.3655400375212,2024-07-17,active
1564,6947,auto,1816.7611514539183,2024-07-18,expired
1565,5787,auto,1124.583676941949,2024-07-19,active
1566,7471,auto,913.24903399706,2024-07-20,active
1567,6179,auto,887.0043978215259,2024-07-21,expired
1568,6122,auto,1687.7136567962098,2024-07-22,cancelled
1569,6251,life,1400.0564302731104,2024-07-23,cancelled
1570,7206,health,1059.7954701494716,2024-07-24,cancelled
1571,7023,home,792.3056273508125,2024-07-25,cancelled
1572,6516,home,1771.8718390856438,2024-07-26,cancelled
1573,7285,auto,1582.729464194396,2024-07-27,active
1574,6758,auto,945.0438636417488,2024-07-28,expired
1575,5560,home,1284.7840247407507,2024-07-29,expired
1576,5592,auto,1387.9773721740514,2024-07-30,expired
1577,7344,life,1325.0513455999271,2024-07-31,active
1578,7206,auto,793.4966573266258,2024-08-01,cancelled
1579,7060,life,1645.0705945158525,2024-08-02,cancelled
1580,7082,life,1283.9747447051554,2024-08-03,expired
1581,6964,auto,1043.6738600650058,2024-08-04,expired
1582,5606,life,1188.1590708133358,2024-08-05,expired
1583,6555,home,1884.2416970983618,2024-08-06,expired
1584,5304,life,1641.1448589274657,2024-08-07,cancelled
1585,6439,health,850.5093848407304,2024-08-08,cancelled
1586,5137,auto,1358.7280088227017,2024-08-09,cancelled
1587,5613,home,796.8673745718119,2024-08-10,expired
1588,7891,auto,1401.6262873700932,2024-08-11,cancelled
1589,5667,home,1567.821608820199,2024-08-12,expired
1590,5730,auto,533.8703265777137,2024-08-13,cancelled
1591,5131,auto,645.908150529003,2024-08-14,expired
1592,7433,life,811.4323939668714,2024-08-15,cancelled
1593,6764,health,309.27231474342983,2024-08-16,expired
1594,7969,health,1792.009374128686,2024-08-17,active
1595,7460,home,1222.2520462768516,2024-08-18,cancelled
1596,6488,health,1275.6734613109315,2024-08-19,expired
1597,5140,home,1930.2612306961505,2024-08-20,expired
1598,5286,home,587.0683441176643,2024-08-21,expired
1599,6950,health,1437.3186559575872,2024-08-22,expired
1600,5804,home,1107.4148580524331,2024-08-23,expired
1601,6373,home,1002.4695730907013,2024-08-24,active
1602,7607,auto,1975.6002057645296,2024-08-25,active
1603,6526,auto,1401.7482630448271,2024-08-26,cancelled
1604,7704,home,1473.7999095347411,2024-08-27,expired
1605,7769,auto,459.45561859283805,2024-08-28,active
1606,6408,life,1907.7208103237606,2024-08-29,active
1607,6133,life,1247.6962656066253,2024-08-30,cancelled
1608,5375,life,457.84925110872166,2024-08-31,active
1609,5607,life,803.4824517178611,2024-09-01,expired
1610,5385,life,645.787261468827,2024-09-02,cancelled
1611,5577,health,1077.1767270732676,2024-09-03,cancelled
1612,7942,home,1197.5598743782236,2024-09-04,expired
1613,5565,auto,590.8071344587943,2024-09-05,active
1614,7901,health,1410.9801060626542,2024-09-06,expired
1615,7870,health,334.5653351304379,2024-09-07,expired
1616,7286,health,1225.1893525219434,2024-09-08,cancelled
1617,5765,home,928.8050669823257,2024-09-09,active
1618,5965,life,923.5519876755365,2024-09-10,active
1619,7569,home,1694.508716354818,2024-09-11,expired
1620,6173,life,1271.303019927239,2024-09-12,cancelled
1621,6117,health,1479.7848951344897,2024-09-13,expired
1622,7297,home,1100.0264965961524,2024-09-14,cancelled
1623,7178,life,1687.9146249995367,2024-09-15,cancelled
1624,7899,life,1150.841280404928,2024-09-16,expired
1625,7674,home,629.3503794179463,2024-09-17,expired
1626,7512,auto,416.1059739083799,2024-09-18,active
1627,7548,health,588.3127094378453,2024-09-19,cancelled
1628,5144,auto,403.20052586640384,2024-09-20,cancelled
1629,7320,auto,1698.1400679370186,2024-09-21,active
1630,7677,home,1919.2301038786904,2024-09-22,cancelled
1631,7553,home,1579.281273198547,2024-09-23,expired
1632,7789,home,1388.5854143503796,2024-09-24,active
1633,7418,health,492.24166549638835,2024-09-25,cancelled
1634,5596,home,1639.542828412399,2024-09-26,active
1635,7181,auto,1669.0444337269203,2024-09-27,cancelled
1636,6491,life,872.0148338077154,2024-09-28,cancelled
1637,6201,auto,1758.2429073754363,2024-09-29,active
1638,7347,life,1912.3357657250644,2024-09-30,active
1639,7417,health,507.62163482005826,2024-10-01,active
1640,7894,health,1452.6632755725548,2024-10-02,active
1641,7497,health,1412.377079006241,2024-10-03,cancelled
1642,6856,auto,1003.4354566949121,2024-10-04,cancelled
1643,6957,life,638.2326884344427,2024-10-05,cancelled
1644,5131,auto,1629.8395521560178,2024-10-06,cancelled
1645,7053,health,516.7007109932294,2024-10-07,expired
1646,7046,auto,702.0927076631629,2024-10-08,active
1647,7225,auto,554.9888681259338,2024-10-09,cancelled
1648,7230,life,1749.2462831613325,2024-10-10,active
1649,5630,health,585.1506120895162,2024-10-11,cancelled
1650,5750,home,1044.5878418599427,2024-10-12,active
1651,7267,auto,810.8123137926202,2024-10-13,cancelled
1652,7712,health,1716.967368607453,2024-10-14,expired
1653,7609,auto,1561.6269602320026,2024-10-15,active
1654,6393,home,1125.461235636408,2024-10-16,cancelled
1655,6767,home,1343.311182279976,2024-10-17,cancelled
1656,5872,health,1889.5902142422779,2024-10-18,expired
1657,5759,life,512.5056265956109,2024-10-19,expired
1658,6130,auto,1428.037598931908,2024-10-20,cancelled
1659,5851,home,343.59960705105436,2024-10-21,expired
1660,6869,auto,1896.0500473406057,2024-10-22,cancelled
1661,5113,life,519.5415573637523,2024-10-23,active
1662,7235,health,567.0578760022447,2024-10-24,expired
1663,5775,health,1482.702471920153,2024-10-25,expired
1664,6045,health,1533.4039439378544,2024-10-26,expired
1665,6186,auto,923.2270691471842,2024-10-27,cancelled
1666,5949,life,997.9621816760537,2024-10-28,active
1667,6883,life,1349.7676607657293,2024-10-29,active
1668,5853,life,1406.3540524780105,2024-10-30,cancelled
1669,7568,health,1922.9800523312788,2024-10-31,expired
1670,7909,auto,1384.1915326848218,2024-11-01,cancelled
1671,6171,home,518.1252395680639,2024-11-02,cancelled
1672,5547,health,492.0668765234109,2024-11-03,active
1673,5623,health,1800.712109613894,2024-11-04,active
1674,7095,home,1010.8351050194597,2024-11-05,active
1675,6384,home,582.4360009171946,2024-11-06,cancelled
1676,6184,auto,1177.2436235086589,2024-11-07,active
1677,5903,home,1261.542694187113,2024-11-08,cancelled
1678,7943,auto,1042.8898587185988,2024-11-09,active
1679,6820,auto,1230.586754070558,2024-11-10,expired
1680,6654,auto,1143.0176962420246,2024-11-11,expired
1681,6184,auto,421.28055110532875,2024-11-12,expired
1682,5880,auto,927.1471986896927,2024-11-13,cancelled
1683,6354,home,1103.8313108303405,2024-11-14,active
1684,5241,health,1261.747604838693,2024-11-15,expired
1685,6854,life,1934.3296153844253,2024-11-16,active
1686,7165,home,1106.0842463663334,2024-11-17,active
1687,7657,life,628.1672456478834,2024-11-18,active
1688,5040,home,1904.2231518846374,2024-11-19,cancelled
1689,6476,life,506.3354702550607,2024-11-20,active
1690,6624,auto,845.811301382707,2024-11-21,cancelled
1691,7789,auto,473.55981059622275,2024-11-22,cancelled
1692,6325,home,586.6968633286214,2024-11-23,cancelled
1693,6470,health,1490.2172822941109,2024-11-24,active
1694,5955,auto,300.7187716509907,2024-11-25,active
1695,5953,health,1327.4615361353153,2024-11-26,active
1696,7961,health,555.8392184192695,2024-11-27,active
1697,6869,home,395.85690255328245,2024-11-28,active
1698,6269,health,1764.4566294855829,2024-11-29,active
1699,7522,health,1101.772472562131,2024-11-30,expired
1700,6768,home,924.1310655915883,2024-12-01,cancelled
1701,6708,life,1455.7019654993521,2024-12-02,active
1702,7931,health,1085.376311899737,2024-12-03,expired
1703,5900,health,330.40996138953574,2024-12-04,active
1704,5428,auto,1149.2002080665902,2024-12-05,active
1705,7820,home,1144.331928533531,2024-12-06,cancelled
1706,5382,home,657.30911099862,2024-12-07,expired
1707,7986,home,1964.992633519733,2024-12-08,cancelled
1708,6978,home,1731.7481265272972,2024-12-09,expired
1709,5325,life,1276.384030295079,2024-12-10,active
1710,7429,auto,1782.076923799881,2024-12-11,cancelled
1711,7571,life,978.6055337087623,2024-12-12,active
1712,5829,life,1574.9064253357406,2024-12-13,active
1713,7202,home,786.5533039875629,2024-12-14,expired
1714,5016,home,1137.3651541344125,2024-12-15,expired
1715,7288,health,1970.71985656307,2024-12-16,active
1716,5003,life,1883.4688200345047,2024-12-17,active
1717,6189,auto,1621.123387022236,2024-12-18,expired
1718,5849,life,396.1684188475047,2024-12-19,expired
1719,5968,health,329.63817053358673,2024-12-20,active
1720,5801,life,1592.8334236558728,2024-12-21,cancelled
1721,5238,auto,1311.126923154218,2024-12-22,cancelled
1722,5648,health,1541.683214528393,2024-12-23,expired
1723,5005,auto,1575.0159677818258,2024-12-24,active
1724,7082,auto,1226.32914358981,2024-12-25,expired
1725,7461,home,737.7554777501482,2024-12-26,expired
1726,6947,home,658.6757768024984,2024-12-27,cancelled
1727,7049,home,479.3119680745731,2024-12-28,cancelled
1728,6534,health,674.1298450885336,2024-12-29,active
1729,5066,home,1325.4896231552898,2024-12-30,cancelled
1730,5310,health,1707.5137350922566,2024-12-31,active
1731,6761,auto,383.64664441474997,2025-01-01,cancelled
1732,5720,auto,1980.9489034893713,2025-01-02,expired
1733,5984,auto,1031.8907029994548,2025-01-03,expired
1734,6023,life,627.8716378096678,2025-01-04,active
1735,7146,health,885.2585350955114,2025-01-05,expired
1736,6622,home,1864.8054207514012,2025-01-06,active
1737,6488,auto,1703.2053521256835,2025-01-07,active
1738,6780,life,1568.2583223286074,2025-01-08,expired
1739,6159,home,1884.532840934008,2025-01-09,active
1740,5350,life,944.8370904076025,2025-01-10,expired
1741,7599,health,550.83751026034,2025-01-11,cancelled
1742,5988,life,1457.8513492821062,2025-01-12,active
1743,6698,health,1222.8062992428581,2025-01-13,expired
1744,5911,home,1528.6012672774593,2025-01-14,expired
1745,7003,auto,1895.9883968787562,2025-01-15,expired
1746,5217,health,1068.6910153375202,2025-01-16,expired
1747,6490,life,511.45908836874287,2025-01-17,cancelled
1748,7367,auto,431.7026441788885,2025-01-18,active
1749,6614,life,1890.6009886708982,2025-01-19,cancelled
1750,6052,home,1802.3120588428096,2025-01-20,cancelled
1751,6092,auto,977.8003627629288,2025-01-21,expired
1752,6574,home,1793.8052260491909,2025-01-22,active
1753,7003,home,631.6918013241885,2025-01-23,active
1754,5194,auto,1331.7488203521677,2025-01-24,active
1755,5873,life,727.8434249840398,2025-01-25,cancelled
1756,6130,auto,946.4344528299777,2025-01-26,active
1757,5566,auto,1202.0070656439798,2025-01-27,active
1758,5721,home,484.4874156931231,2025-01-28,cancelled
1759,5522,health,1613.958362007253,2025-01-29,active
1760,5080,home,1606.0263454180993,2025-01-30,active
1761,7973,home,1237.6573439049112,2025-01-31,cancelled
1762,6225,life,1651.7285064365428,2025-02-01,cancelled
1763,6710,health,529.9132336709982,2025-02-02,cancelled
1764,7039,home,371.2089011683857,2025-02-03,expired
1765,6154,home,1702.4908920021742,2025-02-04,expired
1766,6731,auto,742.685632737148,2025-02-05,expired
1767,5714,health,738.3991910591885,2025-02-06,expired
1768,7669,health,1675.1034251470624,2025-02-07,active
1769,7240,auto,1443.8961873933956,2025-02-08,active
1770,5432,auto,1979.8386951545592,2025-02-09,expired
1771,6276,home,1685.3146682700792,2025-02-10,active
1772,6860,health,639.9759942613357,2025-02-11,expired
1773,6786,auto,1020.3030956722295,2025-02-12,active
1774,5508,health,1145.2843036548754,2025-02-13,cancelled
1775,6636,auto,575.2482680353198,2025-02-14,expired
1776,5356,life,1624.1057803387937,2025-02-15,expired
1777,7426,health,1892.9027909228364,2025-02-16,active
1778,7216,life,1324.1210443845569,2025-02-17,expired
1779,6564,life,793.1327093257271,2025-02-18,cancelled
1780,7536,home,461.8430653990047,2025-02-19,cancelled
1781,7944,home,1847.3062780232788,2025-02-20,active
1782,7547,health,1304.9378568412376,2025-02-21,expired
1783,5579,auto,1403.6928397140387,2025-02-22,cancelled
1784,6055,home,1595.7023100965564,2025-02-23,active
1785,5393,life,1820.2652934926111,2025-02-24,expired
1786,6315,health,1008.573559331303,2025-02-25,expired
1787,7637,health,1799.1191485083739,2025-02-26,expired
1788,6870,home,1363.021408804103,2025-02-27,active
1789,7427,life,1649.6101834185781,2025-02-28,expired
1790,7761,auto,408.0842708618958,2025-03-01,expired
1791,5493,home,1888.8552842588433,2025-03-02,active
1792,5791,auto,788.2009742988363,2025-03-03,expired
1793,6463,home,1158.4658858838156,2025-03-04,cancelled
1794,5590,life,625.4754050104827,2025-03-05,active
1795,5214,health,1609.8253926727855,2025-03-06,active
1796,5619,health,400.2619372989403,2025-03-07,expired
1797,7772,auto,1610.1646099902757,2025-03-08,active
1798,7090,home,978.5522742470567,2025-03-09,active
1799,6664,health,1246.9328134344264,2025-03-10,cancelled
1800,7784,health,1866.2572010276576,2025-03-11,cancelled
1801,7966,health,985.5057800253412,2025-03-12,active
1802,7265,life,1451.986627509604,2025-03-13,expired
1803,7509,home,1803.2105342913146,2025-03-14,expired
1804,6289,health,1668.4463272343269,2025-03-15,cancelled
1805,7776,health,1624.0560012621088,2025-03-16,cancelled
1806,6387,home,477.59651189449596,2025-03-17,expired
1807,7396,health,1179.4996445189686,2025-03-18,cancelled
1808,6952,auto,486.72063668316684,2025-03-19,active
1809,5923,life,1295.2717282843066,2025-03-20,expired
1810,5560,home,1705.3800097311157,2025-03-21,active
1811,5170,health,1827.3168238737555,2025-03-22,active
1812,6876,home,1689.3304807930822,2025-03-23,active
1813,6417,life,1346.837206979845,2025-03-24,expired
1814,6973,health,1066.2596353572508,2025-03-25,active
1815,7896,health,1824.3268175954174,2025-03-26,cancelled
1816,7012,home,1950.4750314059675,2025-03-27,expired
1817,6569,health,481.90828310882534,2025-03-28,active
1818,7288,home,669.7674468414657,2025-03-29,cancelled
1819,5299,life,839.1060183744625,2025-03-30,active
1820,5712,life,689.2713727492239,2025-03-31,expired
1821,7213,health,1574.91673714194,2025-04-01,expired
1822,6513,home,1076.411844420868,2025-04-02,active
1823,5418,life,1679.1415305878427,2025-04-03,cancelled
1824,6210,life,1019.2617932981141,2025-04-04,cancelled
1825,7975,life,1185.9615355401568,2025-04-05,expired
1826,6048,life,1565.6734315641386,2025-04-06,active
1827,6083,health,1707.1421407679622,2025-04-07,cancelled
1828,5423,health,929.1820357064685,2025-04-08,expired
1829,5090,health,1875.8840806380572,2025-04-09,cancelled
1830,6998,auto,1936.6902734411715,2025-04-10,active
1831,6519,health,364.76157783467744,2025-04-11,cancelled
1832,5011,home,566.2458624819673,2025-04-12,cancelled
1833,5597,auto,860.4446692543049,2025-04-13,expired
1834,5987,health,885.6068074025286,2025-04-14,expired
1835,6578,home,534.8884918600138,2025-04-15,cancelled
1836,5820,auto,594.7823131283953,2025-04-16,active
1837,7169,health,1024.8973899935145,2025-04-17,cancelled
1838,7881,life,697.784747446348,2025-04-18,cancelled
1839,7478,life,1597.2015771207864,2025-04-19,cancelled
1840,7409,life,1104.6830356849714,2025-04-20,active
1841,5424,home,1333.5284307969096,2025-04-21,cancelled
1842,7078,life,1804.4230254684485,2025-04-22,active
1843,7287,health,457.62511347590146,2025-04-23,expired
1844,6921,home,448.885307526881,2025-04-24,cancelled
1845,6047,life,683.6441922791413,2025-04-25,active
1846,7208,auto,859.7844821628987,2025-04-26,cancelled
1847,7109,auto,1809.0368714335343,2025-04-27,expired
1848,6752,auto,1789.9010522989506,2025-04-28,active
1849,7963,life,1412.5264257786166,2025-04-29,cancelled
1850,6771,health,1058.8281171042413,2025-04-30,active
1851,7876,life,1011.5291286184078,2025-05-01,cancelled
1852,5660,home,1378.34351490899,2025-05-02,cancelled
1853,7384,home,1160.8901696612506,2025-05-03,cancelled
1854,6747,health,818.2027621470103,2025-05-04,active
1855,6119,health,1785.3526634658574,2025-05-05,expired
1856,6785,life,850.3656278189106,2025-05-06,active
1857,5624,health,556.1914007570198,2025-05-07,cancelled
1858,7487,health,1302.5450290563647,2025-05-08,expired
1859,5067,home,1117.5304954137969,2025-05-09,cancelled
1860,7979,life,1492.0190211172564,2025-05-10,cancelled
1861,6275,home,1598.9369986691063,2025-05-11,active
1862,5457,life,1544.2309433965577,2025-05-12,expired
1863,5676,health,1517.0022714230813,2025-05-13,active
1864,6538,health,1836.9360192432584,2025-05-14,expired
1865,6769,home,1680.4963464273396,2025-05-15,expired
1866,7140,auto,1974.1260848212892,2025-05-16,expired
1867,5918,life,446.92551787669686,2025-05-17,active
1868,7799,health,1180.6983892255173,2025-05-18,expired
1869,7726,auto,894.3939529586527,2025-05-19,cancelled
1870,5212,home,846.0594807059617,2025-05-20,expired
1871,6699,auto,1215.3213635496843,2025-05-21,cancelled
1872,7883,home,1504.4327787305742,2025-05-22,cancelled
1873,5762,home,1219.536017688296,2025-05-23,active
1874,6338,life,1342.12266141618,2025-05-24,active
1875,7400,auto,1273.8763692438047,2025-05-25,expired
1876,6578,home,1577.6149089841306,2025-05-26,cancelled
1877,7369,life,818.6652414380643,2025-05-27,expired
1878,7561,health,1943.9671953862744,2025-05-28,active
1879,6156,life,571.8681499130171,2025-05-29,expired
1880,6248,health,552.176749400107,2025-05-30,active
1881,7521,auto,1675.9070251034825,2025-05-31,active
1882,5242,home,394.9669226505404,2025-06-01,active
1883,5245,auto,1230.7970878123474,2025-06-02,active
1884,5033,home,1259.2564857097468,2025-06-03,cancelled
1885,5274,home,1444.3581035325672,2025-06-04,cancelled
1886,7971,life,311.37439547260436,2025-06-05,active
1887,6035,auto,402.0154979173032,2025-06-06,cancelled
1888,7716,life,847.7134253401176,2025-06-07,active
1889,5661,home,871.9830970813871,2025-06-08,active
1890,7577,life,1121.4185879753654,2025-06-09,cancelled
1891,6567,health,439.00094512076566,2025-06-10,active
1892,5913,health,375.60797208205474,2025-06-11,active
1893,6960,home,1932.289501489869,2025-06-12,cancelled
1894,7860,home,645.3006046672624,2025-06-13,active
1895,6407,health,374.9499706619956,2025-06-14,cancelled
1896,6547,auto,808.3854353361014,2025-06-15,expired
1897,5762,home,1695.290612137533,2025-06-16,expired
1898,5644,health,1341.5216049499588,2025-06-17,expired
1899,6849,auto,1160.920779135906,2025-06-18,cancelled
1900,6424,life,389.8169509158935,2025-06-19,active
1901,7709,home,714.168021540336,2025-06-20,active
1902,5244,auto,1027.4258621511258,2025-06-21,active
1903,6341,home,1094.0668682273235,2025-06-22,cancelled
1904,5970,life,516.9060006574243,2025-06-23,expired
1905,5692,health,1475.9986303799394,2025-06-24,active
1906,6516,home,1095.5885809770948,2025-06-25,cancelled
1907,5295,life,1623.0632822302864,2025-06-26,cancelled
1908,5648,home,1164.7747501250133,2025-06-27,cancelled
1909,7521,life,783.5076439254324,2025-06-28,cancelled
1910,6978,auto,1662.692115180782,2025-06-29,cancelled
1911,5259,health,1060.1522968474183,2025-06-30,expired
1912,5441,health,442.2637223580912,2025-07-01,expired
1913,5719,auto,538.1487973107126,2025-07-02,cancelled
1914,7374,life,1128.6201160268706,2025-07-03,active
1915,5392,life,1250.5782019078847,2025-07-04,cancelled
1916,6307,life,992.4055066717123,2025-07-05,cancelled
1917,5923,health,1335.1804671045838,2025-07-06,cancelled
1918,5041,home,742.9380269169224,2025-07-07,active
1919,6654,auto,1166.7834336041628,2025-07-08,active
1920,7718,home,1317.052225388261,2025-07-09,cancelled
1921,7058,home,361.5276743555793,2025-07-10,cancelled
1922,6260,home,1125.5198176738738,2025-07-11,expired
1923,6774,home,1374.8361394700337,2025-07-12,active
1924,7229,auto,665.7472371837646,2025-07-13,expired
1925,7070,life,1679.7788839016941,2025-07-14,cancelled
1926,5195,home,1860.3314585966118,2025-07-15,active
1927,7772,life,1411.9715188440798,2025-07-16,cancelled
1928,5094,home,401.0514145965979,2025-07-17,cancelled
1929,7705,auto,1355.81885641035,2025-07-18,active
1930,7198,home,893.508185299159,2025-07-19,expired
1931,5897,home,576.2567100945539,2025-07-20,cancelled
1932,7634,life,1590.2426576753599,2025-07-21,active
1933,6411,health,1412.0531288762547,2025-07-22,expired
1934,6483,health,1690.4545332145053,2025-07-23,active
1935,5080,life,1464.6946829878202,2025-07-24,cancelled
1936,6820,health,1358.112650575201,2025-07-25,expired
1937,7912,home,472.30566024526377,2025-07-26,expired
1938,5469,home,1115.584415471686,2025-07-27,cancelled
1939,5258,life,1082.228749418603,2025-07-28,active
1940,7271,home,726.0339815219409,2025-07-29,cancelled
1941,6197,life,1296.0248716355288,2025-07-30,active
1942,5739,auto,1418.1820640644537,2025-07-31,active
1943,6294,home,1921.997347760466,2025-08-01,cancelled
1944,6159,life,1642.262503643605,2025-08-02,active
1945,6346,auto,1670.4131017368477,2025-08-03,expired
1946,5414,life,1377.9843156088948,2025-08-04,active
1947,5365,home,1020.1735321541323,2025-08-05,cancelled
1948,5166,auto,995.8309514525333,2025-08-06,expired
1949,7368,auto,1057.8966659652997,2025-08-07,active
1950,5623,auto,942.5227842287984,2025-08-08,active
1951,5055,health,1612.4394603429341,2025-08-09,active
1952,7840,life,1856.0075436042937,2025-08-10,cancelled
1953,6198,auto,912.2922794556366,2025-08-11,active
1954,6452,life,532.6838638327888,2025-08-12,active
1955,5352,auto,1058.4113642344178,2025-08-13,cancelled
1956,7173,life,557.6096632883387,2025-08-14,active
1957,5069,auto,1626.2625942752877,2025-08-15,expired
1958,6478,health,728.3912608339238,2025-08-16,expired
1959,7871,home,997.1818938367167,2025-08-17,expired
1960,7986,home,1270.2779455752768,2025-08-18,active
1961,7142,auto,992.6840449912983,2025-08-19,active
1962,6866,home,912.0627067275049,2025-08-20,active
1963,6690,health,804.2395525843897,2025-08-21,cancelled
1964,5348,life,1740.5107822350722,2025-08-22,expired
1965,6683,life,1289.5545024597125,2025-08-23,expired
1966,7782,auto,1324.3693523063405,2025-08-24,active
1967,5988,auto,342.0416943304854,2025-08-25,active
1968,6317,health,832.2875147141754,2025-08-26,expired
1969,5326,life,852.351977523442,2025-08-27,active
1970,5656,auto,1749.3655117050491,2025-08-28,cancelled
1971,7545,life,1104.056518377406,2025-08-29,active
1972,6308,life,1377.824408278912,2025-08-30,cancelled
1973,5228,home,729.8613902493316,2025-08-31,expired
1974,7966,home,1588.2678250860392,2025-09-01,expired
1975,7089,health,1278.3753979818953,2025-09-02,expired
1976,5791,health,402.6956905409912,2025-09-03,active
1977,5525,life,1594.81788755595,2025-09-04,active
1978,6820,home,899.5796221630309,2025-09-05,expired
1979,7451,auto,644.3868156204758,2025-09-06,active
1980,5280,health,387.91768716272134,2025-09-07,expired
1981,7682,home,684.8894256536108,2025-09-08,active
1982,6637,home,1437.8338162153298,2025-09-09,expired
1983,6362,life,411.2570474926138,2025-09-10,cancelled
1984,5182,health,1102.3548720737408,2025-09-11,cancelled
1985,5052,health,1689.2486558797066,2025-09-12,expired
1986,6868,life,550.8530003208375,2025-09-13,expired
1987,6874,health,1443.2754304754656,2025-09-14,expired
1989,7268,home,1939.512896412018,2025-09-16,expired
1990,5165,life,1828.399668749996,2025-09-17,active
1991,5958,health,737.3625101268221,2025-09-18,active
1992,7838,health,1255.7668937641365,2025-09-19,expired
1993,6754,health,1791.1019867656898,2025-09-20,active
1994,5937,life,502.469974659052,2025-09-21,cancelled
1995,7442,auto,1986.2773724250044,2025-09-22,active
1996,7040,auto,1310.4847069436853,2025-09-23,expired
1997,7818,auto,1753.9419173138517,2025-09-24,cancelled
1998,6610,life,1419.5441556893757,2025-09-25,cancelled
1999,7800,auto,894.5180185156897,2025-09-26,cancelled
2000,8000,life,1310.4847069436853,2025-09-23,expired
1991,5958,health,737.3625101268221,2025-09-18,expired

